item,frequency
Consumer Brands,20
Men,20
Movies,330
MP3 Music Services,5
Music Groups,5
New Products,5
News Resources,5
Retailers,10
Sports,100
TV Shows,305
Video Games,40
Women,20
Athletes,125
Kids' Images,5
Musicians and Bands,40
News Stories,20
Technology,35
Travel Destinations,70
Marques,5
Personnalités,25
Tendances de l'année,20
Die häufigsten Suchbegriffe,10
Meist gesuchte Automarken,5
Meist gesuchte Musiker 2002,5
Searches,620
Anime Images,5
Earthquake Searches,5
Fictional Character Images,5
Male Celebrity Images,10
News Searches,30
Popular Movies,15
Popular Queries,25
Popular Sports-Related Queries,5
Popular Brands,10
Popular Music,5
Femmes célèbres,5
Hommes célèbres,5
Beliebte Filme,5
Beliebte Suchanfragen,5
Beliebte Suchanfragen aus dem Reisebereich,5
Popular Italian Singers,5
Popular Men,10
Travel,15
Car Images,5
Cartoons Images,5
Companies,5
Countries,5
Deaths of 2004,5
Entertainment,50
Female Celebrity Images,5
Foods,5
Froogle Brand Searches,5
Froogle Clothing Searches,5
Froogle Computer Goods Searches,5
Froogle Electronics Searches,5
Froogle Hobby Searches,5
Froogle Shoe Searches,5
Health Services,5
Hotel Chains,5
News Outlets,5
Professional Services,5
Public Figures,5
Retail Chains,5
Sports Services,5
Froogle Searches,5
Most Searched,15
Deaths of 2006,5
Define...,5
Divorces,5
How to...,170
Jerseys,5
Retirements,5
Weddings,20
What is...,100
Where is...,10
Who is...,15
Movie Showtimes,5
Scandals,5
Tickets,10
Deaths of 2007,5
Diets,65
Fitness,10
How To,20
Lawsuits,5
Lyrics,45
Presidential Campaign,5
Recipes,175
Ringtones,5
What is,20
Who is,5
Campaign Buzzwords,5
Cocktails,25
Comfort Foods,5
Concerts,15
Deaths of 2008,5
DIY,15
How To...,25
It's All Over Now,5
Mascots,5
MLB,5
Movie Trailers,5
NBA Teams,30
NFL Teams,30
NHL Teams,15
Olympic Sports,5
Political News Sources,5
Reality Shows,5
Rivalries,5
Soccer Teams,10
Social Networks,5
What Is...,20
Conflicto del Campo,5
Economia,5
Fútbol,10
Google,10
Más Popular,5
Most Popular,50
Top Crises,5
Top Movies,5
Top Olympians,5
Top Stores,5
Die Häufigsten Suchbegriffe 2008,5
Meist Gesuchte Automarken 2008,5
Meist Gesuchte Personen 2008,5
Meist Gesuchte Skandale 2008,5
Meistgesuchte Rezepte 2008,5
Celebridades,25
Eleições 2008,5
Futebol,5
Mais Pesquisados,5
Relaciondada com o Google,5
Top Celebrities,5
Top News Sources,5
Top Personal Electronics,5
Top Political Parties,5
Economía y Política,5
Más Populares,20
Personajes Del Año,5
年度搜索最多 ,5
年度搜索最多的“是什么”,5
年度新词汇,5
年度热点中国事件,5
年度热点国际事件,5
Economía,5
Escándalos,5
Los Viajes,5
Universidades,5
"Kauzy Ceských Politiků, Slavných A Bohatých",5
Nejvyhledávanější,5
Oblíbené Sporty v Čechách,5
České Celebrity,5
"Český, česká, české...",5
Film og TV,5
Kendte,5
Medier,5
Mest Populære,5
Rejser og Ferier,5
Top Companies,5
Top Finnish Celebrities,5
Top Finnish Cities,5
Top Media,5
Clubs et Fédération,5
Jeux en ligne,5
Recherches,25
Beliebteste Bildersuchen,5
Meistgesuchte Bücher,5
Meistgesuchte Nachrichten,5
Meistgesuchte Personen,10
人物,25
數碼產品,5
新聞,5
熱門關鍵字,5
社會時事,5
Top 'How To' Searches,5
Top Bollywood Celebrities,5
Top Holiday Destinations,5
Top Searches On Mobile,5
Concerto,5
Incentivi,5
Programmi Televisivi,5
Ricerche Più Popolari ,5
Ricette,35
Car Brands,15
Google News Local Searches,15
Local Celebrities,15
Local Travel Destinations,10
Conciertos en México,5
Escándalos de Celebridades,5
Futbol,5
Reforma Energética,5
Kaartjes,5
Meest Populair,5
Top 'John' Searches,5
Top 'Tickets' Searches,5
Top 'Who Is' Searches,5
Top Celebrities Searches,5
Celebrities,65
Fillipino-Related,5
Finanse I Praca,5
Inspiracje,5
Najczęściej Wyszukiwane,5
Programy TV,10
Sławni,5
"""Кто такой..?""",5
"""Я хочу изменить...""",5
Люди,45
Популярные запросы,10
События,30
Hawker Centres,5
Local Foods,5
Top Local Celebs,5
Top Newsworthy,5
Top Politicians,5
Top Sports Teams,5
연예인 부문,5
운동선수 부문,5
정치인 부문,5
최다 검색어 TOP 10,5
최다 검색어 TOP 10 (포털 제외),5
Blogs,10
Ministers,5
Serie,5
Sporty,5
Meist Gesuchte Begriffe ,5
Bilmärken,5
Meist Gesuchte Automarken,5
Meistgesuchte Begriffe ,5
Meistgesuchte Bilder,5
Meistgesuchte Orte,5
Myndigheter,5
Populäraste Sökorden,5
Svenska Kändisar,5
Utländska Kändisar,5
年度人物搜尋排行,5
年度台灣觀光景點搜尋,5
快速竄紅關鍵字搜尋排行 ,5
คำค้นหามาแรงที่เกี่ยวข้องกับซีเลบ,5
คำค้นหามาแรงที่เกี่ยวข้องกับพระราชวงศ์,5
คำค้นหามาแรงที่เกี่ยวข้องกับสถานที่ท่องเที่ยว ,5
คำค้นหามาแรงที่เกี่ยวข้องกับโอลิมปิก,5
ยอดนิยม,5
Top Economic Terms,5
Politicians,85
It's the Economy,5
Events: Fastest Rising Searches,5
Fastest Falling,5
Fastest Rising,65
Fastest Rising Searches: First Half of 2009,5
Fastest Rising Searches: Second Half of 2009,5
Festivals: Fastest Rising Searches,5
Food and Drink,5
Looking to Buy Online: Fastest Rising Searches,5
Mobile Application Searches: Fastest Rising,5
News Searches: Fastest Rising,5
People: Fastest Rising,5
Searches Related to Economy: Fastest Rising,5
Emerging,5
Fastest Growing Searches,5
"Bargain Hunting (Fastest Rising, Dutch)",5
"Bargain-Hunting (Fastest Rising, French)",5
Fastest Rising ,5
"Hottest tickets (fastest rising, Dutch)",5
"Hottest tickets (fastest rising, French)",5
Emergentes,60
Fastest rising / En plus forte progression,5
Fastest-rising News searches,5
Recherches d’actualités en plus forte progression,5
Recherches « comment faire » les plus fréquentes,5
上升最快,5
上升最快股票,5
Hrvatska estrada - pretrage u porastu,5
Politika - pretrage u porastu,5
Pretrage u porastu,5
Největší skokani na Google.cz,5
Největší skokani showbizu,5
Største vækst i antal søgninger,5
Nopeimmin nousseet haut,5
Nopeimmin nousseet syömiseen liittyvät haut,5
Divertissement,5
Recherches en progression,5
Schnellste Aufsteiger unter den Suchbegriffen,10
Emergent,5
竄紅關鍵字,10
I Termini di Crescente Popolarità,5
モバイル急上昇ワード,5
急上昇ワードランキング,5
Categorie: financieel (snelst stijgend),5
Goedkoop / goedkope... (snelst stijgend),5
Snelst stijgende zoekopdrachten,5
Song Lyrics,45
Najszybciej zyskujące na popularności,25
Самые быстро растущие запросы года,5
급상승어 TOP 10,5
Sökningar som ökat mest i popularitet,5
Meist gesuchte Personen in 2009 verglichen mit 2008,5
快速竄紅關鍵字搜尋排行榜,5
ดาวรุ่งพุ่งแรง,5
Fastest Rising News Searches,5
Fastest Rising: what is ...,5
Restaurants,10
Top Trending,45
Books,25
Google.com Fastest Falling,5
Google.com Fastest Rising,5
Images,10
Maps Searches,10
Mobile Searches,10
Consumer Electronics,30
Falling Searches,15
Food & Drink,15
Health,5
Humanitarian Aid,5
People,760
Schnellst wachsende Suchbegriffe,5
Fastest Rising Local Newsmakers,5
Fastest Rising Local Travel Destinations,5
Music Artists,35
News,150
Google Maps,5
Google News,10
Fastest Rising Searches,90
Online Games,5
Soccer,10
TV,45
Fastest Rising Searches ,100
Plus fortes progressions – Personnalités,5
Requêtes avec la plus forte progression Google Actualités,5
Menschen,15
Suchanfragen,30
娛樂資訊,5
關鍵字,15
○○とは,20
レシピ,5
商品（ガジェット）,5
年間ランキング,5
急上昇ワード,10
話題の人,25
Music,20
Norwegians,5
Быстрорастущие запросы,5
Dishes,5
Games,80
Trends,5
TV Programs,10
Fastest Rising Maps Searches,5
Gadgets,80
Show Biz,5
Пошукові запити з найбільшим темпом зростання,5
Baseball,5
Basketball,5
Cars,10
Costumes,5
Dance Moves,10
Donate To,5
Economy,10
Football,5
Google Image Searches,5
Google Maps Searches,5
Google News Searches,5
Home Appliances,5
Literature,5
News Sources,20
Political Scandals,5
Politics,5
Pop Culture / People,5
Pop Culture / Songs,5
Pop Culture / Toys,5
Pop Culture / TV Shows,5
Product Searches,5
Quirky Environmental ,5
Recalls,5
Science,5
Workouts,5
Airlines,5
Events,125
Feature Films,5
Google+ Hashtags,10
Performing Artists,15
Videos,5
Actors,85
Local Searches,5
Musicians,80
National Bands,5
Shopping,5
Songs,215
World Cities,5
Australian Celebrities,5
Australian News Moments,5
Top Lyric Searches,5
Trending Beers,5
Austrian Cities,5
Austrian Politicians,5
Food & Drinks,50
Football Clubs,5
Belgian Celebrities,5
Belgian Festivals,5
Belgian Movies,5
Belgian Musicians,5
Belgian TV Shows,5
DJ's,5
Career\\Job,5
What is...?,175
Emerging Bands and Musicians,5
Food & Dishes,5
Image Searches,55
Colombian Politicians,5
Kids Shows,5
Danish Celebrities,5
Fashion Labels,25
Trending Celebrities,5
Baking Recipes,5
Food Recipes,5
Mobile Devices,5
Sport Events,10
Television,10
Chansons,15
Comment...,15
Musiciens,15
Nourriture,5
Qu'est-ce que...?,5
Recherche d'images,5
Sport,50
Technologie,10
Automarken,5
Bildersuche,5
Politiker,5
Suchbegriffe,35
Recipe,20
Car Models,15
Indonesian Songs,5
People (Global),5
People (Indonesian),5
Music Bands,5
Sports Teams,30
Films,35
Exhibitions,5
Movies (Cinema),5
Tickets for Football Matches,5
What does it mean...?,5
CM/コマーシャル,5
Devices\\Gadgets,5
ハウツー／方法,5
注目のスポット,5
注目の映画,5
話題のニュース,5
話題の人（女性）,35
話題の人（男性）,35
What is...? (Acronyms),5
What is...? (Health),5
What is...? (Technology),15
Smartphones,10
Food,10
Olympians,10
Dutch House Market,5
Supermarkets,5
New Zealand News Events,5
New Zealanders,10
Nigerian Musicians,10
Sports Games,5
Local Newsmakers,5
Top News,5
In-Country Olympians,5
Football Matches,5
Еда,5
Как...,5
Олимпийцы,5
Песни,5
Покупки,10
Почему...?,5
Путешествия,5
ТВ-программы,5
Фильмы,15
Что такое...?,10
Gadgets & Phones,10
Local Brands,10
Sports Events,30
TV Series,15
Vehicles,5
What is...? (Health Focus),10
Electronic Devices,5
Búsquedas,100
Búsquedas de imágenes,5
Cómo...,100
Destinos de viaje,5
Gente,5
¿Qué es...?,50
Artists,5
Local Events,5
Swiss Celebs,5
Gadgets\\Tech,5
What is...? (Business Finance Focus),5
Місця для поїздок,5
Події 2012,5
Пошукові запити,5
Українські співаки,5
Фільми,5
Чому…,5
Що таке…,5
Як…,5
Їжа та напої,5
Global Football Players,5
Annual Events of 2012,5
Apparel Brands,5
Authors,10
Calorie Searches,20
Colleges & Universities,5
Donations,15
Election Issues,5
Endangered Species,10
Events of 2012,5
Food Delivery,5
Google Doodles of 2012,5
Halloween Costumes,5
Health Issues,10
Hybrid Card,5
Jewelry Brands,10
Mobile\\Tablet Apps,5
Museums,5
Phones,15
Political Gaffes,5
Reality TV Stars,10
Shoe Brands,10
Song Lyric Searches,5
Stocks,10
Symptoms,15
Tech Gadgets,15
Toys,20
US Politicians,5
Bài hát,15
Tìm kiếm,5
YouTube Videos,10
Acontecimientos,115
Bandas y músicos,30
Canciones,100
Deportistas,115
Eventos deportivos,80
Películas,250
Personas,95
Programas de TV,75
Tecnología,35
Digital/Internet Lingo,10
News Items of 2013,10
Overall,50
Blockbuster,5
Events & Ereignisse,5
Gadgets & Technik,5
Promis,5
"Skandale, Pleiten & Aufreger",5
Top-Trends des Jahres,5
Trending Searches,40
Belgians ,5
Fastest Rising People International,5
Automobilístico,5
Educação,5
Entretenimento Multitelas,5
Esportes,5
Famosos,5
Filmes,40
Momentos,5
Músicas,20
Novelas,15
Poder,5
Seu Bolso,5
Top 10,20
Думи,5
Популярни търсения - диети,5
Популярни търсения - Как да...,5
Популярни търсения - Какво е...,5
Популярни търсения - песни,5
Популярни търсения - почивка в...,5
Популярни търсения - рецепти,5
Популярни търсения - събития,5
Популярни търсения - ТВ предавания,5
Хора,10
Canadian Sports Teams,5
Canadians,25
Diet,20
Tendencias de Búsqueda,20
为什么,5
搜索关键词,10
游戏,5
Acontecimientos ,5
Actores,5
Cantantes,45
Cómo,110
Eventos Deportivos,30
Programas de Televisión/Películas,5
Qué es,70
Telecomunicaciones/Hardware,5
Tendencias,60
Intérpretes Musicales,10
Popularne pjesme,5
Popularne sapunice,10
Popularni događaji,5
Pretrage,5
Lokální osobnosti,5
Politici,5
Skokani,25
Světové osobnosti,10
Technologické novinky,10
Hvad er?,5
Hvor ligger?,5
Mennesker,5
Musiker,10
Slankekur,5
TV-program,20
Trending People - الاشخاص الأكثر رواجاً,15
Trending Searches - كلمات البحث الأكثر رواجاً,15
Inimesed,10
Otsingud,5
Üritused,5
Henkilöt,30
Kuinka...?,20
Kännykät,5
Matkailu,5
Mikä on...?,15
Miten...?,15
Reseptit,20
Talous,5
Tapahtumat,15
Trending,15
Urheilijat,20
Vähittäiskauppa,5
Couturiers et designers,5
Evénements,5
Expositions,5
Gifs,5
High Tech,10
Personnalités politiques,10
Que signifie... ?,5
Recettes,10
Sportifs,15
Sujets d'actualité,5
Musik,25
Nachrichten,10
Technik,10
Top Events,5
Top Trending TV Series,5
社會話題,5
Keresések,10
Személyek,5
Penelusuran,10
Tokoh,25
Cities,5
Sports Personalities,10
Words,5
איך?,10
אירועי ספורט,10
גברים ישראלים,5
הקמפיינים של השנה,5
כוכבי ריאליטי,5
כלי רכב,5
מובייל,5
מסעדות,5
מפלגות,10
מתכונים,5
נפרדנו מהם השנה,10
נשים ישראליות,5
"סדרות חו""ל",5
סדרות ישראליות,5
"סלבס חו""ל",5
סלבס ישראל,5
סרטים,30
עשרת הגדולים,25
פוליטיקאים,10
קניות אונליין,5
תוכניות ריאליטי,5
תופעות 2013,5
תופעות דיגיטל,5
Al cinema,5
Cambiare,5
Come fare,15
Cosa significa,15
Fa dimagrire,5
Mangiare,5
Perché,15
Ricerche emergenti,5
Vendere,5
CM,5
○○はいつ？,5
○○はどこ？,5
○○は誰？,5
なぜ○○？,5
アニメ,5
ガジェット（「価格」と一緒に検索された製品名）,5
ゲーム,5
タブレット急上昇,5
ダイエット,5
ドラマ,25
ニュース,20
ハウツー,5
モバイル急上昇,5
三重,5
京都,5
会社（「入社」と一緒に検索された企業名）,5
佐賀,5
兵庫,5
北海道,5
千葉,5
和歌山,5
埼玉,5
大分,5
大阪,5
奈良,5
宮城,5
宮崎,5
富士山,5
富山,5
山口,5
山形,5
山梨,5
岐阜,5
岡山,5
岩手,5
島根,5
広島,5
徳島,5
急上昇,25
愛媛,5
愛知,5
新潟,5
映画,25
東京,5
栃木,5
沖縄,5
滋賀,5
熊本,5
石川,5
神奈川,5
福井,5
福岡,5
福島,5
秋田,5
群馬,5
茨城,5
長崎,5
長野,5
青森,5
静岡,5
香川,5
高知,5
鳥取,5
鹿児島,5
"Events, Trending",5
"People, Trending",10
"TV Shows, Trending",15
Cilvēki,5
Meklējumi,5
Paieškos,5
Žmonės,10
Car Makes,5
Malaysian TV Series,5
Trending Malaysian Celebrities,5
Trending Malaysian Movies,5
Trending Movies,25
Trending Songs,15
Ciudades,5
Coches,5
Deportes,100
Moda,5
Música,90
Noticias,20
Noticias de entretenimiento,5
Videojuegos,25
Afbeeldingen,5
Feestdagen,5
Festivals & concerten,5
Gebeurtenissen Koninklijk Huis,5
Hoe werkt...,10
Mensen,5
Snelststijgende zoekopdrachten,5
Supermarkten,5
Tv-programma's,5
Top Trending Events,10
Hva..?,5
Hvem...?,15
Hvor...?,10
Hvordan...?,25
Hvorfor...?,10
Czym jest... ?,5
Filmy,45
Jak... ?,15
Ludzie,40
Muzyka polska,5
Muzyka zagraniczna,5
Sportowcy,5
Wydarzenia,35
Atletas,5
Pesquisas,10
Intérpretes musicales,5
Ce este...?,20
Cum să pictezi,5
Căutari,5
Diete,25
Evenimente muzicale,5
Evenimente sportive,25
Filme,60
Persoane,10
Rețete,30
В тренде,5
Как?,10
Мемы,15
Научиться...,5
Почему?,10
Сколько стоит?,5
Что такое?,10
Trending people,5
Trending searches,5
Ljudi,5
Popularne pesme,5
Pretraga,5
Trending 'How to...',5
Trending 'What is...',5
Trending Events,20
Trending Gadgets,10
Trending People,10
Trending Recipes,15
Lokálne osobnosti,5
Zahraničné osobnosti,20
Dogodki,25
Osebe,20
SA Brands,5
SA Politicians,5
SA Women,5
IT 기기,5
건강,5
게임,35
노래,5
도서/전시/공연,5
만화,5
앱,5
영화,35
운동선수,5
자동차,10
종합,30
화제의 인물,5
"""Cómo...""",5
"""Qué es...""",5
Acontecimientos Deportivos,5
Acontecimientos Sociales,5
Apps,25
Dietas,15
Electrónica,5
Palabras,5
Artister,15
Film,45
"Frågor som börjar med ""Hur""",5
"Frågor som börjar med ""Vad""",5
"Frågor som börjar med ""Varför""",5
Idrottsutövare,5
Mat,25
Personer,35
Övergripande,10
Schweizer Sportler,5
Schweizer Veranstaltungen,15
TV Programme,5
Was ist...?,5
3C,5
社會議題,5
電影,5
คำค้นดาวรุ่งพุ่งแรงประจำปี,10
เสาะหารถรุ่นถูกใจ,5
แก็ดเจ็ตและเทคโนโลยี,10
DİZİLER,5
FİLMLER,5
KİŞİLER,5
NASIL YAPILIR?,5
TARİFLER,5
YÜKSELEN ARAMALAR,5
ŞARKILAR,5
Stella Amony,5
Людина року,10
Найпопулярніші запити,35
Подія року,5
Покупка року,20
Серіал року,25
Телевізійне шоу року,10
Фільм року,25
Чому?/Почему?,10
Що таке/Что такое?,5
Як?/Как?,10
2013 Events,5
Football Stars,5
How to...?,70
Annual Events,5
Appetizers,5
"Atlanta, GA",5
"Austin, TX",5
Beer,15
"Boston / Cambridge, MA",5
Boy Names,5
Car Companies,5
"Chicago, IL",5
Colleges and Universities,5
"Dallas, TX",5
"Denver, CO",5
"Des Moines, IA",5
Destination Wedding Locations,5
"Detroit, MI",5
Famous Internet Animals,5
Female Politicians,5
Girl Names,5
Honeymoon Locations,5
Hybrid and Electric Cars,5
"Kansas City, KS",5
"Los Angeles, CA",5
Male Politicians,5
Memes,60
"Miami, FL",5
MLB Teams,20
Mobile/Tablet Apps,5
"New Cars, Trending",5
"New York City, NY",5
"Oklahoma City, OK",5
"Philadelphia, PA",5
"Portland, OR",5
"Sacramento, CA",5
"San Francisco, CA",5
"Seattle, WA",5
Social Media Sites,5
TV Series Finales,5
"Washington, D.C.",5
Equipos de fútbol,10
Más buscados,5
Qué es...,35
Bài hát Việt,10
Công nghệ ,5
Hiện tượng Mạng Xã hội,10
Nam Nghệ sĩ Việt,10
Nữ Nghệ sĩ Việt,10
Phim Hoạt hình ,5
Phim Truyền hình Nhiều tập,5
Phim Điện ảnh,10
Thương Hiệu ,5
Trò chơi Online ,5
Xu hướng Tìm Kiếm ,5
Ăn uống,5
Global News,20
Google Doodles of 2014,10
Loss,80
World Cup Matches,15
Juegos,5
Qué...,60
Aussies,20
Digital / Internet Lingo,20
Global People,25
News Items of 2014,5
Suchanfragen Top 10,5
Krisen & Katastrophen,5
Küche & Kochen,5
Stars International,15
Snelst stijgende/ Les plus grandes progressions,5
Persoonlijkheden internationaal/ Personnalités internationales,5
Persoonlijkheden nationaal/ Personnalités nationales,5
Aplicativos,5
Bandas,5
Boleiros,5
Cantoras,5
Cantores,5
Casamentos,10
Datas,5
Entretenimento,5
Homens,5
Mulheres,5
Músicas Internacionais,5
Músicas Nacionais,5
Perdas,15
Vídeos do YouTube,5
Canadian Teams,10
Literatura,5
Recetas,45
Tareas y términos escolares,5
Najčešće pretraživane osobe u Hrvatskoj,10
Najčešće pretraživani događaji,10
Největší skokani mezi lokálně známými osobnostmi,5
Největší skokani za rok 2014,5
'Hvad ... ?',5
Danske Kvinder,5
Danske Mænd,5
Kalorier i ...,5
Kendte i Verden,5
søgninger,5
TV serier,5
Elokuvat,15
Kappaleet,5
Kaupallliset haut,5
Mikä on,5
Suomalaiset henkilöt,10
Televisio-ohjelmat,5
Ulkomaalaiset henkilöt,5
Urheilu,15
Viihde,25
Yhteiskunta,10
Acteurs,5
Comment,5
Emissions TV,10
Evénements culturels,5
Evénements sportifs,5
Jeux Vidéo,5
Personnalités Politiques,5
Pourquoi,5
Events of 2014,10
Ghallywood Stars,5
Ghanaian Musicians,5
Mobile Phones,20
Sport Personalities,10
Who is ...,5
"Ταχύτερα αυξανόμενες αναζητήσεις γεγονότων/ Events, trending",5
"Ταχύτερα αυξανόμενες αναζητήσεις προσώπων/ People, trending",5
Ταχύτερα αυξανόμενες αναζητήσεις/ Top trending,5
熱爆關鍵字,35
熱爆2014全球盛事,5
熱爆國際娛樂名人,5
熱爆國際頭條,35
熱爆遊戲,20
熱爆電影,15
A legolcsóbb...,5
Hogyan...?,5
Külföldi személyek,5
Magyar személyek,5
Receptek,20
TV-műsorok,10
Tokoh Indonesia,5
Berita Nasional,5
Apa Itu...,15
Gadget,15
Lagu,25
Otomotif,10
Resep Makanan,5
Acara Televisi,5
Pertandingan Piala Dunia,5
Aplikasi Chat,5
Penyanyi Korea,5
"""How To"" Searches",5
איך עושים דברים 2014,5
אירועי 2014,5
החיפושים החמים,5
סלבריטאים,10
Biglietti emergenti,5
Come fare emergenti,5
Cosa significa emergenti,5
Mete di vacanza emergenti,5
Parole emergenti,5
Parole emergenti associate a 2014,5
Perchè,5
Personaggi emergenti,5
Ricette emergenti,5
Star dei mondiali emergenti,5
話題の男性,5
話題の女性,5
故人,10
Japan,10
Ramen,5
人気のキャラクター,5
Kisumu,5
Mombasa,5
Nairobi,5
Searches (Carian),15
People (Orang),15
Mobile Searches (Carian Mudah Alih),5
Car Models (Model Kereta),10
Malaysian Celebs (Selebriti Malaysia),5
Malaysian Movies (Filem Malaysia),5
Movies (Filem),15
Sports Personalities (Personaliti Sukan),5
TV Series (Siri TV),5
World Cup Matches (Lwn Piala Dunia),5
Personas de interés,10
Snelst stijgende zoektermen,5
Snelst stijgend 'Hoe werkt?',5
Trending persoonlijkheid nationaal,5
Kiwis,30
News items of 2014,5
Nigerian Music Artistes,5
International Athletes,5
Nigerian Sports Personalities,5
Nollywood,5
What is ...,5
Øker mest,5
Local Destinations,5
Newsmakers,5
Co...?,5
Muzyka,5
Najszybciej Zyskujące na Popularności,5
Como...?,20
Figuras públicas internacionais,10
Ce Este...?,5
Evenimente Sportive,5
General,35
Топ быстрорастущих запросов,15
Люди года,15
Лайфхак года или как...?,5
Книги года,5
Купить дешево,5
Que signifie,5
International News,30
Singapore News,15
Sportspersons,5
Running Events,5
What is…,5
Mobile,5
Známe osobnosti,15
'kako',5
Osebe iz Slovenije,5
Prireditve,5
Current Affairs,15
South African People,10
Palabras de mayor crecimiento en 2014,5
¿Cómo...?,45
"Frågor som börjar med ""Hur...?""",10
"Frågor som börjar med ""Vad...?""",10
"Frågor som börjar med ""Varför...?""",5
Skandale & Aufreger,15
Veranstaltungen,5
快速竄紅人物排行榜,5
快速竄紅關鍵字排行榜,5
快速竄紅電影排行榜,5
快速竄紅電視劇排行榜,5
คนดังประจำปี (ชาย),5
คนดังประจำปี (หญิง),5
ตามข่าวจากสื่อ,5
ท่องเที่ยวและที่พัก,5
ภาพยนตร์จอเงิน,5
ละครและซีรี่ย์ฮิต,5
เสาะหายานยนต์,5
Dizi,25
Kişiler,15
Nasıl Yapılır?,15
Televizyon Programları,5
Yemek Tarifi,10
Şarkı,15
Рецепт,5
Чому?,5
Що таке?,10
Як?,10
.gifs,5
Actresses,15
Celebrity Pregnancies,10
Celebrity Weddings of 2014,5
Fashion Designers,15
IPO's of 2014,5
Losses of 2014,5
MLB Players,15
Natural Events,15
NBA Players,15
NFL Players,15
Podcasts,5
Red Carpet Appearances,5
Selfies,20
Workouts and Exercises,20
Jugadores uruguayos en el Mundial,5
¿Qué es...,5
Phim Hoạt hình,5
Phim Truyền hình,5
Show Truyền hình,5
Thể thao,5
Trò chơi online,5
Xu hướng,5
Điện thoại,5
Global Sporting Events,15
Consumer Tech,35
News Items of 2015,10
Die Suchbegriffe des Jahres,10
Schlagzeilen des Jahres,10
Politikerinnen & Politiker,5
Stars Österreich,5
Was sind...,5
Wie mache ich...,5
Feste & Festivals,5
Запрос года,10
Персона года,35
Покупка года,30
Сериал года,30
Фильм года,35
Les recherches « Comment ça marche » en progression,10
Les recherches « Qu’est-ce que » en progression,10
Trending Belgische persoonlijkheden / Les personnalités belges en progression,15
Trending evenementen / Les événements en progression,5
Trending persoonlijkheden / Les personnalités en progression,5
Trending zoekopdrachten 2015 / Les recherches en progression en 2015,5
Trending zoekopdrachten overlijdens / Les recherches en progression sur les décès,5
Trending zoekopdrachten ‘hoe werkt het’,5
Trending zoekopdrachten ‘Wat is’,5
Atores,10
Atrizes,10
Carros,5
Como fazer...,10
Esportistas,15
Grávidas,5
Letras,5
Músicos,15
O que é...,10
Pessoas,10
Receitas,15
Canadian Politicians,10
Economy Searches,5
Hechos Noticiosos,15
Emergencias,5
Nos dejaron...,5
Los Favoritos de la TV,5
Términos de mayor tendencia en crecimiento,10
Cómo hacer,20
Hechos,10
Programas de Televisión,10
Najčešće pretraživane TV emisije u Hrvatskoj,5
Najčešće pretraživano 'gdje je',5
Najčešće pretraživano 'kako',5
Najčešće pretraživano 'što je',5
Největší skokani za rok 2015,5
Největší skokani mezi celebritami,5
"Největší skokani se slovem ""jak""",5
"Největší skokani se slovem ""proč""",5
"Největší skokani se spojením ""co je""",5
"Největší skokani se spojením ""kde je""",5
"Největší skokani se spojením ""kdo je""",5
"Největší skokani se spojením ""kdy je""",5
Danske kvinder,5
Danske mænd,5
Søgninger,15
Danske politikere,5
Danske sportsfolk,10
Danske tv-serier,5
Hvad...?,10
Hvem er...?,5
Kalorier i...,5
Udenlandske kendte,5
الأبحاث,45
الأحداث,30
الأغاني,40
البرامج التليفزيونية,5
الشخصيات العامة,40
Miten tehdään...?,10
Muusikot,10
Nousussa olevat,5
Näyttelijät,5
Pelit,10
Poliitikot,10
Teknologia,10
TV-ohjelmat,5
Ulkomaiset henkilöt,5
Actualités,10
Chanteurs,5
Définitions,20
Jeux vidéos,5
Séries TV,5
Week end à ...,5
Évènements sportifs,5
Schlagzeilen,30
Terms,5
Ταχύτερα αυξανόμενες αναζητήσεις,10
Επικαιρότητα,10
Διακοπές,5
Εισητήρια,5
Πώς να,5
Ταινίες,15
Ταξίδια στο εξωτερικό,5
熱爆本地頭條,30
熱爆本地時事人物,10
熱爆本地大型活動,5
熱爆全球盛事,5
熱爆國際時事人物,5
熱爆本地娛樂名人,5
熱爆流動裝置,10
Felkapott keresések,30
Felkapott magyar személyek,5
Felkapott külföldi személyek,5
Felkapott hírek,5
Felkapott koncertek,5
Felkapott TV-műsorok,5
Felkapott... akarok,5
Felkapott...ki?kik?,5
Penelusuran Terpopuler,30
Peristiwa Nasional,25
Peristiwa Internasional,15
Bagaimana Cara...,5
Film Indonesia 2015,5
Game,5
Meme,10
Mode & Kecantikan,5
Resep,25
Selebriti,20
Music Acts,10
News Moments,10
People of Sport,10
Politicans,5
Top Ten,10
When Is...,5
Who Is...,5
איך,25
אירועי החדשות,5
טלויזיה - סדרות ותוכניות,5
טלויזיה - ריאליטי,10
נפרדנו השנה,20
סלבס,5
סלולרי,10
שירים,5
Parole,30
Personaggi,25
Parole emergenti associate a 2015,5
Mete di vacanza,5
Biglietti,25
話題の人（総合）,15
とは,5
Manga,5
Sushi,5
Trending 'How to' Food and Nutrition searches,5
Trending 'How to' Love and Relationships searches,5
Trending 'How to' Reproductive health searches,5
Trending 'What is' Diseases,5
Trending Global Personalities,15
Trending Kenyan personalities,5
Trending Music,5
Trending People we lost in 2015,5
Trending TV Series,5
Financial Terms (Sudut Kewangan),5
Mobile Devices (Peranti Mudah Alih),5
Games (Permainan),10
Sports Competitions (Pertandingan Sukan),5
News Searches (Carian Berita),5
Músicos y bandas,10
¿Cómo?,20
¿Qué?,20
Trending festivals en events,5
Trending persoonlijkheden nationaal,5
Trending zoekopdrachten,5
Trending zoekopdrachten crisis en conflicten,5
Trending zoekopdrachten ‘hoe werkt’,5
Trending zoekopdrachten ‘wat is’,5
Athlete / Sport Personalities,5
Sport Competitions,5
TV Series / Movies,5
Toppliste,5
Emoji,5
Hva betyr...?,5
Hva skjer...?,5
Hva...?,5
Håndarbeid,5
Idrettspersonligheter,5
Jeg-vil-vite,5
Oppskrifter,25
Oppskrifter - søte saker,5
Podcast,5
Politikere,5
Politiske partier,5
På nett,5
På TV,5
Spill,5
Spørsmål om skjønnhet,5
Female Personalities,20
Male Personalities,20
Songs (Lyrics),10
Local Vacation Destinations,5
International Vacation Destinations,5
Where is...?,25
Who is...?,15
"Tematy, o których się mówiło",10
Top de pesquisas gerais,5
Figuras publicas,5
Concerte,5
Emisiuni TV,5
Evenimente,5
Oameni,5
События года,5
Мемы года,10
"Les requêtes ""Comment"" les plus populaires",5
Les requêtes les plus populaires,5
Les évènements les plus recherchés,5
Personnalités sénégalaises,5
Overall Searches,40
Political Figures,10
IT기기,5
TV 프로그램,20
경제,5
국제뉴스,5
기업,5
사회,5
소비재,5
음악,10
조리법,5
키즈,5
Los términos que más crecieron,5
Sökningar,5
Selfie,5
Artist/Grupp,5
Låttext - svensk,5
Låttext - engelsk,5
Film- & TV-personlighet,5
Idrottare,5
Kalorier,10
"Frågor som börjar med ""Vem...?""",5
Schweizer Promis,10
Berggipfel,10
Was sind...?,10
Wie macht...?,5
Schweizer Seen,5
快速竄升政治人物,10
快速竄升政治與社會議題,5
快速竄升關鍵字,30
快速竄升電影,30
快速竄升電視劇,15
Thai News,5
Movies of 2015,5
Songs of 2015,5
Kişi,10
TV Programları,5
Yükselen Genel Aramalar,5
Overall Trending Searches,20
Запит року,5
Навіщо?,5
Персона року,25
Покупка,20
ТВ-шоу року,20
Female Celebrities,5
Hits,5
Holiday Destinations,5
Male Celebrities,5
Premier League Football,5
TV Stars,5
When is...?,5
Beauty Questions,10
Celebrity Weddings,5
Dog Questions,10
Fashion Questions,5
GIF,5
Losses,70
Men's Soccer Players,10
Oscar Red Carpet Dresses,10
Travel Questions,10
WNBA Teams,10
Women's Soccer Players,10
Tìm kiếm Nổi bật Nhất 2015,5
Tin Quốc tế,5
Tin Trong nước,5
Nhân vật,10
Công thức,5
Chương trình Truyền hình,5
Phim,5
Sự kiện,10
Định nghĩa,10
Cuándo...,5
Overall Searches (Trending),10
News (Trending),10
Aussies (Trending),5
Global People (Trending),10
Loss (Trending),10
Sporting Events (Trending),10
Die Themen & Schlagzeilen des Jahres,5
Polit-Prominenz,5
Aufreger & Skandale,10
"Menschen, die wir vermissen",10
"Events, Shows & Festivals",5
Promis Österreich,10
Was,5
Wie,5
Самые популярные запросы,30
Trending gebeurtenissen / Les événements en progression,10
Trending internationale persoonlijkheden / Les personnalités internationales en progression,10
Trending politici / Les politiciens en progression,10
Trending TV-programma’s / Les programmes télé en progression,10
Trending zoekopdrachten ‘Hoe werkt…’,10
Trending zoekopdrachten ‘Wat is…’,10
Música (Artistas),5
Porque...,5
Canadian Athletes,5
Consumer Technology,5
What is?,10
Who is?,5
Cómo se hace...,5
Nos Dejaron...,5
Personajes Noticiosos,10
Series y TV,5
Tendencias 2016,25
Cómo hacer...,20
Gaming,20
Personajes,95
Qué pasa si...,20
Skokani roku,5
Zahraniční celebrity,5
Místní celebrity,5
Potraviny,5
Sportovní osobnosti,5
Co je,5
Kdo je,5
Danske personer,5
Udenlandske personer,15
Tv-programmer,5
Begivenheder,5
Opskrifter,5
المسلسلات,35
Yhteiskunnalliset aiheet,10
Ruoka,5
Bloggarit & Tubettajat,5
Haluatko miljonääriksi -kysymykset,5
Kaupalliset,15
Onko...?,10
TV-ohjelmat ja sarjat,5
Urheilutapahtumat,5
Les actualités,15
Comment ?,10
Les acteurs,5
Les chansons,5
Les films,25
Les jeux vidéos,5
Les personnalités de la TV,5
Les sportifs,20
Les séries,5
Les évènements sportifs,5
Promis national,5
Promis international,5
Abschiede,35
Fragen: Warum ...?,5
Fragen: Was ...?,5
Fragen: Wie ... ?,5
DEVICES,5
ENTERTAINERS,5
FOOTBALL TEAMS,5
GHANAIAN MUSICIANS,5
MOVIES / TV SHOWS,5
MUSIC,5
PEOPLE,10
STORIES,10
Γεγονότα – Διοργανώσεις,5
Διασημότητες,25
Σειρές και Τηλεοπτικά Προγράμματα,5
Τι σημαίνει,5
熱爆國際人物,5
熱爆電視節目,5
Felkapott...akarok,5
Felkapott...hol? hova?,5
Koncertek,5
Színházak,5
Bollywood Actor (Female),5
Bollywood Actor (Male),5
Atlet,5
Peristiwa Olahraga,5
Kepergian Tokoh,15
Bagaimana Cara,5
Dekat Sini,5
"Teknologi (Gim, Aplikasi, Gawai)",5
Top trending searches,15
News moments,5
Famous men,10
Famous women,10
Sports events,5
Sportspeople,5
Tech devices,10
When is,5
בחדשות,15
טלויזיה - סדרות,5
מוזיקה,10
ספורט,5
Eventi,20
Perché...,15
Cosa significa...,15
Come fare...,15
Mete vacanze,20
話題の人（故人）,5
Japan  （世界が検索した Japan ）,5
Tokyo  （世界が検索した Tokyo ）,5
General Trending Searches,10
"Trending ""How To"" Health Searches",5
"Trending ""How To"" Searches",10
"Trending ""What Is"" Searches",5
News (Berita),5
Malay Dramas (Drama Melayu),5
Local Celebs (Selebriti Tempatan),5
How to,20
Near me,40
Apakah,5
Bagaimana,5
Kenapa,5
Car models (Model kereta),5
Mobile devices (Peranti mudah alih),5
Futbolistas,10
In Memoriam,25
Juegos Olímpicos 2016,5
Personalidades,50
Series,5
Zoekopdrachten,25
Challenges,5
Eten,5
Kiwis (Trending),5
ACTORS,5
HOW TO,5
MOBILE PHONES,5
MOVIES / TV SERIES,5
PEOPLE IN SPORTS,5
RECIPES,5
SONGS,5
WHAT IS,5
Cantantes & Grupos Musicales,5
Novelas y Series,5
Partidos de Fútbol,5
Personajes de Actualidad,5
Top Trending Searches (Overall),5
Vacation Destinations (Local),5
Vacation Destinations (International),5
Najbardziej zyskujące na popularności,10
Jak...?,10
Piłkarze reprezentacji w piłce nożnej,5
Geral,20
Figuras Nacionais,5
Figuras internacionais,5
Jogadores de futebol,5
Como ser...,5
Elecciones 2016,5
Cine este...?,5
"Cum se, cum să...?",5
Căutări populare,25
Evenimentele anului 2016,5
Планы года (начать...),5
Российские фильмы,5
Туристические направления,5
Les questions “Comment” les plus populaires,5
Les questions “Que signifie” les plus populaires,5
Les recherches les plus populaires,5
Destinations,10
Top Searches in 2016,5
Domáce a svetové udalosti,5
Športové podujatia,10
Smutné odchody,20
South African Celebrities,5
South African Politicians and Prominent figures,5
South African TV Shows,5
IT,5
국내뉴스/사회,5
만화/웹툰,5
인물,10
Cómo ser...,5
Qué pasaría si...,5
Årets mest trendande sökningar 2016,5
"Frågor som börjar med ""Hur..?""",5
TV & Radio,15
"Frågor som börjar med ""Vem..?""",5
Artister/Grupper,5
Film- & TV-personligheter,5
"Frågor som börjar med ""Varför..?""",5
Filmer,5
"Frågor som börjar med ""Vad..?""",5
Skandale und Aufreger,5
Städte und Dörfer,5
Wie funktioniert...?,5
Wie mache...?,5
快速竄升議題,25
快速竄升人物,5
快速竄升明星,5
พระบาทสมเด็จพระปรมินทร มหาภูมิพลอดุลยเดช,5
คำค้นหายอดนิยมประจำปี,5
บุคคล,15
บุคคลที่ล่วงลับไปแล้ว,5
ข่าวต่างประเทศ,10
ข่าวในประเทศ,20
ความสวยความงาม,5
คืออะไร,5
ทีมกีฬา,5
นักกีฬา,5
ภาพยนตร์,15
ยานยนต์,5
ละคร,15
สถานที่ท่องเที่ยวต่างประเทศ,10
สถานที่ท่องเที่ยวในประเทศ,15
สูตรอาหาร,10
เกมส์,5
เพลง,25
แอปพลิเคชัน,5
โรคต่างๆ,5
ไอทีและแก็ดเจ็ต,5
Nedir?,5
Nasıl?,5
Diziler,5
Genel Aramalar,15
Yemek Tarifleri,5
Навіщо?/Зачем?,5
Що таке?/Что такое?,5
Top trending,5
News events,5
Beauty,5
Fashion questions,5
How to cook?,5
How to?,5
Sporting events,15
Where is?,5
Election Moments,5
Election Questions,5
GIFs,10
MLS Soccer Teams,5
NHL Players,5
Olympic Athletes,5
Olympic Events,5
Olympic Moments,5
Soccer Teams (all),5
WNBA Players,5
Tìm kiếm nổi bật 2016,5
Tin trong nước,5
Tin quốc tế,5
Phim trong và ngoài nước,5
Phim Việt Nam,5
Công thức- Cách làm,5
Tìm kiếm địa điểm gần,5
Chương trình truyền hình,5
Elections,5
Songs/Lyrics,10
Qué,60
Series y programas de TV,25
Overall searches,10
Global people,10
Why is...?,10
Suchbegriffe des Jahres,25
Aufreger-Promis,5
"""Was...?"" Fragen",10
"""Wie...?"" Fragen",10
Les recherches « C'est quoi » en progression,5
Les recherches « Comment » en progression,5
Buscas,10
Como fazer?,10
O que é?,10
Por quê?,15
Acontecimentos,20
Programas e Séries,15
Times da Série A,5
Tecnologia,15
Популярно търсене,5
Спортни събития,15
Филми,10
How...,15
Canadian News,20
Why...,25
"Películas, Cine y TV",5
Cuándo,15
Cómo Hacer,5
Tendencias 2017,20
Acontecimientos del Año,10
El año en deportes,10
Las preguntas del año,10
¿Qué significa?,15
Letras de canciones,25
Series/Novelas/Películas,10
Acontecimientos del año,65
Preguntas del año,50
Series y Novelas,10
Hrvatski najtraženiji pojmovi,10
Događanja,15
Filmovi,10
Trendy roku,20
Události roku,10
Místní osobnosti,5
Loučení,5
Jak,5
Co,5
Kdo,5
Recept,15
Top trending danskere,5
Top trending kultur og underholdning,5
Top trending sport,5
Top trending spørgsmål,5
Top trending søgninger,5
Top trending udenlandske personer,5
المباريات,10
Enim otsitud sõnad ja fraasid,5
Enim otsitud telesaated,5
Enim otsitud üritused ja tähtpäevad,5
Miten/Kuinka...?,5
Mikä...?,5
Mitä...?,5
Les séries TV,10
Les paroles de chansons,15
Les recettes,15
Les personnalités politiques,15
Persönlichkeiten,20
Sportevents,10
TV-Shows,5
Was-Fragen,35
Warum-Fragen,10
Wo-Fragen,20
Events / Stories,10
Questions,40
Sports people,15
Ταχυτερα αυξανομενες αναζητησεις,5
熱爆本地話題人物,20
熱爆國際話題人物,20
熱爆本地活動,10
熱爆財經話題,5
熱爆 Gadget,5
A legkeresettebb sportesemények,5
Az év eseményei,5
Mozifilmek,10
Népszerű szórakoztató műsorok,5
Entertainers,5
Sporting Events,40
Cara Menjadi..,5
How To...?,10
טלויזיה,5
「比較」されたトピック,5
Japan（世界が検索した Japan ）,5
Tokyo（世界が検索した Tokyo ）,5
Персона года / Жыл адамы,5
Самые популярные запросы / Ең әйгілі сұранымдар,5
Фильм года / Жыл фильмі,5
Top Trending Searches,15
Trending How To,5
Trending Sports Personalities,5
Trending What Is,20
Meklētākās frāzes,5
Notikumi,10
Populiariausios paieškos,10
Filmai,15
Renginiai ir įvykiai,5
Carian (Searches),5
Orang (People),5
Berita (News),5
Peranti (Devices),5
Filem (Movies),5
Siri Tempatan,5
Eredivisieclubs,5
Hoe werkt...?,5
Nederlands vrouwenelftal,5
Nederlandse politici,5
Nederlandse sporters,5
Nederlandse YouTubers,5
Overledenen,5
Wat is...?,25
Movies / TV Series,10
Hva er..?,5
Hvordan..?,5
Hvorfor..?,5
Norske kvinner,15
Norske menn,15
Nyheter,5
Søk,20
Series y Telenovelas,5
Artistas musicales,5
Songs and Lyrics,5
Seriale,10
Przepisy na potrawy,5
GERAL,5
FIGURAS NACIONAIS,5
FIGURAS INTERNACIONAIS,5
PROGRAMAS TV,5
EVENTOS DESPORTIVOS,5
O QUE É...?,5
Cum...?,5
Evenimentele anului,5
События и явления,5
Рэп-исполнители,5
Утраты,15
Как начать?,5
الأكلات,5
Najtraženiji pojmovi u Srbiji,5
Događaji,15
TV Serije,5
"Top Trending ""Near Me"" Searches",5
"Top Trending Destinations (""Things to do in"")",5
Top Trending Events in Singapore,5
Top Trending Gadgets,10
Top Trending International News,10
Top Trending Local News,10
Top Trending Movies,10
Top Trending TV Shows,10
Trendy roka,20
Udalosti roka,5
Miestne osobnosti,5
Svetové osobnosti,5
Ako,5
Televízne show a eventy,5
Recepty,10
Najbolj priljubljena splošna iskanja,5
Filmi,10
Glasbeniki,15
Zabavne televizijske vsebine,20
Near Me,5
Personalities,30
인물 (종합),5
인물 (정치인),5
인물 (연예인),5
국내 뉴스/이슈,15
웹툰,5
"Cine, TV y Series",5
Frågor som börjar med “Hur”,5
Frågor som börjar med “Vad”,5
"Frågor som börjar med “Varför""",5
Frågor som börjar med “Vem”,5
Årets mest trendande sökningar 2017,5
Festivals & Events,5
Internationale Persönlichkeiten,5
Menschen die wir vermissen,5
Schweizer Persönlichkeiten,10
Wie-Fragen,30
快速竄升人物（不包含已故者）,20
快速竄升政治人物（不包含已故者）,20
快速竄升影視名人（不包含已故者）,5
คำค้นหาประจำปี,15
สถานที่ (ร้านอาหาร),5
ประเภทอาหาร,5
รายการโทรทัศน์,10
How-to,10
การซื้อสินค้า,5
สถานที่ทั่วไป,5
Nedir,5
Ünlüler,5
Питання: “Навіщо?/Зачем?”,5
Питання: “Чому?/Почему?”,10
Питання: “Що таке?/Что такое?”,10
Питання: “Як?/Как?”,20
الأحداث المحلية,5
الأخبار,10
الأفلام,10
الشخصيات,5
What Is…?,5
News Events,40
UK Number 1 Singles,5
Activations (protests),5
Calories,5
Dog Breeds,5
Professional Sports Teams,10
¿Dónde...?,5
Tìm Kiếm Nổi Bật,5
Tin Trong Nước,5
Tin Quốc Tế,5
Ứng Dụng,10
Nhân Vật,20
Bài Hát,15
Phim Truyện,5
Chương Trình Truyền Hình,5
Lễ Hội,5
Búsquedas 2018,15
What is…?,10
Why is…?,5
Themen des Jahres,5
Promis & Aufreger Österreich,5
ТВ-шоу года,10
Zoekopdrachten / Recherches,15
Hoe...,10
Rode Duivels / Diables Rouges,5
Internationale persoonlijkheden / Les personnalités internationales,15
Belgische persoonlijkheden / Les personnalités belges,15
Séries,15
Programas de TV e novelas,5
Times da série A,5
Mortes,15
Virou meme,10
Músicas (Letras),5
Характерни търсения,10
ТВ предавания и риалити формати,5
Hechos y Personajes Noticiosos,5
Nos dejaron,5
"Películas, series, TV",5
Tendencias 2018,25
Acontecimientos 2018,25
"Series, Novelas y TV",5
Qué significa,5
Personajes del año,25
"Series, Novelas y Programas de TV",25
Osobe,10
České osobnosti,15
Zahraniční osobnosti,15
Smutná loučení,15
Jak?,20
Co?,5
Kdy?,5
Danskere,15
Udenlandske personer (nulevende),5
Underholdning,15
Spørgsmål,15
Dem vi sagde farvel til,15
Elektronik,5
Kõige otsituimad märksõnad Eestis,10
Eesti inimesed,5
TOP 10 sündmused,10
Puheenaiheet,15
Pitkä Kuuma Kesä,5
Miten?,10
Comment devenir...,5
La littérature,5
La politique,10
Les définitions,10
Les vedettes,5
Les émissions et séries TV,5
Pourquoi...,5
Allgemeine Suchbegriffe,20
Serien,10
Ταχύτερα Αυξανόμενες Αναζητήσεις,15
Συνταγές,15
Jugadores de fútbol,5
熱爆體育話題,5
熱爆外遊景點,5
Sportesemények,15
Dalszövegek,5
Filmek,10
TV műsorok,5
Peristiwa Hiburan,5
אנשים,10
טלוויזיה,5
Ricetta,5
急上昇ランキング,15
平成,5
◯◯とは,15
◯◯ 仕組み,5
Ең әйгілі сұранымдар/Самые популярные запросы,10
Жылдың адамы/Персона года,10
Жылдың фильмі/Фильм года,15
Жылдың сериалы/Сериал года,10
Жылдың телешоуы/ТВ-шоу года,5
Жылдың сатып алынған заты/Покупка года,10
Top Local Personalities,5
populārākie vārdi,5
visvairāk meklētie sporta notikumi,5
Visvairāk meklētie notikumi,5
Televizijos serialai,5
Carian,15
Orang,15
Berita & Peristiwa,5
Filem,10
Muzik,10
Nederlanders,10
Evenementen,5
Internationale Celebrity's,5
Nederlandse Overledenen,5
Nederlandse Politici,5
TV-programma's,15
Voetbalclubs,5
Global Figures,20
Hva er...?,5
Najpopularniejsze,5
Co to jest...?,5
Ile...?,5
Notícias,5
Nomes Nacionais,15
Nomes Internacionais,15
Show-uri TV,5
Smartphone-uri,15
Versuri,10
Ce este,10
Имена чемпионата мира по футболу,5
Как стать?,5
الأبحاث الرياضية,5
Najpretraživaniji pojmovi u Srbiji,15
TV serije,25
Top Trending Sporting News,5
Top Trending Farewells,5
Slováci a Slovenky,15
Ako?,15
Kedy?,10
Najbolj priljubljena iskanja,15
South African Personalities,5
스포츠,5
TV y Series,5
Vad?,10
Varför?,10
Årets mest trendande sökningar 2018,5
Aufreger und Skandale,5
Schweizer Events,10
ทีมฟุตบอล,5
ราคา,5
ร้าน,5
Fashion Brands,5
Fashion Searches,5
Who...?,10
World Cup Teams,5
Cómo... ?,5
Dónde...?,5
Qué es...?,5
Xu Hướng Tìm Kiếm Nổi Bật,10
10 Tin Tức Sự Kiện Nổi Bật,5
Bài Hát,5
Phim Truyện Trong Nước,5
Cách Làm,5
Du Lịch,10
Thiết Bị Điện Tử,5
Passings,15
Búsquedas 2019,15
Partidos de fútbol,15
Aussie Public Figures,5
How to…?,5
Aufreger & Schicksale Österreich,5
Chronik International,5
Technik-Trends,5
Was...?,5
Wie...?,10
Персона,10
Фильм,5
Сериал,5
ТВ-шоу,15
Wat is...,5
Buscas do ano,10
O que é,10
Como fazer,10
Programas de TV/Novelas,5
Shows,5
Times de Futebol,5
Изпълнители,5
Личности,10
Български реалити формати и сериали,5
Who...,5
Musicians & Bands,5
Toronto Raptors' Players,5
Tendencias 2019,25
Quién es,5
Tendencias del año,5
"Novelas, Series y Programas TV",10
¿Qué es?,10
Los que se fueron en 2019,5
Series / Novelas / Programas TV,15
Mujeres,5
Najtraženiji pojmovi u Hrvatskoj,10
Sportska događanja,5
Reality show,5
Události,5
České seriály,5
Jídlo,5
Sportovní události,5
Bedste...,10
Mest trendende søgninger,10
Steder,5
أبحاث عامة,10
TOP 10 otsituimat inimest,5
Uutiset,10
Les musiciens / chanteurs & chanteuses,5
Politische Schlagzeilen,5
Sportler,5
Αθλητικά,5
Ερωτήσεις 'Τι είναι',5
Τηλεοπτικές Εκπομπές,10
Actores y actrices,5
Sorozatok,10
Könyvek,10
Fesztiválok,5
Telefontípusok,5
Diéta,5
Apa itu...,10
Bagaimana cara...,10
אירועים בחדשות,5
סדרות,10
ריאליטי,5
Fai-da-te,5
令和,5
話題の映画,5
ラグビー選手,5
話題の夜景スポット,5
Ең көп сұралған тақырыптар/ Самые популярные запросы,5
Көп ізделген тұлғалар/ Персона года,5
Көп ізделген фильмдер/Фильм года,5
Көп ізделген сериалдар/Сериал года,5
Көп жасалған сауда-саттық/Покупка года,5
... дегеніміз не?/Что такое?,5
Trending How To (General),10
Trending How To (Tech),5
Trending Local Personalities,10
Trending Movies & TV Shows,10
Trending News,5
Populārākie vārdi,5
Meklētākie notikumi,5
Visvairāk meklētās filmas un TV raidījumi,5
Tendencingiausios paieškos,10
Renginiai,5
Kaip?,5
Anapilin išėję žmonės,5
Berita,15
Gajet,10
Sukan,10
Resipi,10
Programas TV / Series,5
Juegos / Apps,5
Individuals,5
Movies & Series,10
Artiesten,5
Wat betekent...?,5
Sporters,5
Songteksten,5
Stories,5
Trending questions (What is...),5
Trending questions (How to...),5
Music Artistes,5
Sports People,5
Hvordan...,10
Hvem...,5
Hva...,10
TV & film,5
De som gikk bort,5
Movies & TV,10
Co to jest... ?,5
O que...?,10
Cantantes y grupos,5
Cum să/se,5
Кто такой(-ая)?,5
Книги,5
Сериалы,10
С чем (как) носить...?,5
Что посмотреть в...?,5
Свадьбы,5
Как правильно...? (ЗОЖ),5
Trending International News,10
Trending Singapore News,10
Trending Sports Events,5
Trending TV Shows,10
Udalosti,5
Top trending 'Near Me' searches,5
Top trending movies,5
Top trending musical personalities,5
Top trending political figures and parties,5
Top trending questions,10
Top trending recipes,10
Top trending South African personalities,10
Top trending sports searches,10
국내 종합,5
인물 및 펭귄,5
Deportes y deportistas,5
"Cine, televisión y series",5
¿Cuándo...?,5
Gått bort,10
Hundraser,5
Hur,5
Mat och dryck,5
Nyheter och händelser,5
Vad,5
Varför,5
Årets mest trendande sökningar 2019,5
Schlagzeilen Schweiz,5
Persönlichkeiten Schweiz,10
Rezepte,5
快速竄升戲劇,10
ร้านค้า,5
วิธี,10
Genel,5
Втрати,10
Фільм,10
Серіал,10
Питання:  “Що таке?/Что такое?”,5
General Searches,5
Babies,10
Fashion Style searches,5
Home Style searches,5
Outfit ideas,5
People of the Red Carpet,5
Professional Sports Scores,5
Trip to...,5
Como...,5
Donde...,5
Peliculas,5
Que es...,5
Tin Tức,10
Phim Điện Ảnh,10
Địa Điểm Gần Đây,5
Phim Truyền Hình,5
Những Câu Hỏi Nổi Bật,5
Du Lịch Trong Nước,5
Búsquedas 2020,15
Dónde,5
En casa,15
News Topics,5
Australian Public Figures,5
Global Public Figures,5
Corona-Suchbegriffe,5
Aufreger & Schlagzeilen,5
Suchanfragen nach Rezepten für...,5
Comment...?,5
Politici nationaal / Politiciens nationaux,5
Aprender...,5
Campeonatos/Ligas esportivas,5
Em casa,5
Perguntas,5
Коронавирус,5
Рецепти,5
Season Finale,5
Workout,5
Definition,5
What...,5
L’année en recherches au Québec 2020,5
Top recherches - Nouvelles canadiennes 2020,5
Top recherches - Comment..? au Québec 2020,5
Top recherches de recettes au Québec 2020,5
Top recherches - Quand..? au Québec 2020,5
Top séries au Canada 2020,5
Tendencias 2020,30
Covid-19 en Colombia,5
Los que se fueron,25
"Novelas, series y programas de TV",15
¿Qué significa...?,10
COVID-19 en Costa Rica,5
"Música (artistas, canciones y grupos)",10
Mujeres 2020,10
Recepti,5
Aplikacije,5
Kako...?,5
České televizní pořady,5
Hjemmelavet...,5
Under juletræet,5
الأسئلة,5
المشاهير والشخصيات العامة,10
عمليات البحث الأكثر رواجاً,20
مباريات الدوري المصري لكرة القدم الأكثر رواجاً,5
Enim otsitud märksõnad,5
Filmid,5
Miten,5
Informations / Actualités,5
Coronavirus,15
A la maison,5
Coiffure,5
"Les ""comment"" ?",5
Les séries et programmes TV,5
Le sport,5
Paroles de chansons,5
Les célébrités,5
Chanteuses / Chanteurs / Musiciens,5
Disparitions,5
Corona,5
Wann-Fragen,5
Εκλιπούσες Διασημότητες,5
Αθλητικά γεγονότα,5
Επαναλαμβανόμενα γεγονότα,5
Κοντά μου...,5
Πού...,5
Πότε...,5
Τι είναι...,5
COVID-19 en Guatemala,5
"Novelas, series y programas TV",5
熱爆食譜搜尋,5
Koronavírus-járvány,5
Oktatás,5
Keresett kütyük,5
TV/Web Series,5
Film / TV Series,5
Lirik Lagu,5
Siapa...,5
הלכו לעולמם השנה,5
מילים של שירים,5
עשרת הגדולים 2020,5
פוליטיקה,5
קורונה,5
תכניות ריאלטי,5
Persone,5
Addii,5
Coltivare,5
Come fare...?,5
Cosa significa...?,5
Fai-da-te (a casa),5
Fai-da-te (per la persona),5
Perché...?,5
Vicino a me...,5
マスク,5
人名,5
作り方,5
方法,5
再放送ドラマ,5
...дегеніміз не?/Что такое?,5
Trending General,5
Trending Health,5
Trending How To  (Tech),10
Trending How To (Cook),5
Trending How To (Health),5
Trending Musicians,5
"Populārākie ""Google"" meklējumi 2020. gadā",5
Receptes,5
Paieškos su žodžiu kaip,5
Receptai,5
Bantuan Kewangan,5
Covid-19,10
Hiburan,5
Programas y Series de TV,5
Waarom...?,5
Acteurs en actrices,5
Bakken,5
Films & series,5
Hoe maak je...?,5
Nederlandse artiesten,5
Nieuws,5
Overleden,5
Recepten,5
News Event,5
Movies / TV Shows,5
Top Search,5
Events / Occasions,5
Covid-19 en Panamá,5
Jak zrobić?,5
Politycy,5
Pomysł na,5
"Programas, Séries e Filmes",5
Covid-19 en Puerto Rico,5
Personajes  del año,5
Puertorriqueños,5
Cum să/se...?,5
Când...?,5
«Что такое...?»/«Что значит...?»,5
В домашних условиях,5
Путешествия по России («Что посмотреть в...?»),5
الأفلام والمسلسلات,5
Sportski događaji,5
Trending Deliveries,5
Trending How-Tos,5
Trending International Personalities,5
Trending Mental Health Queries,5
Trending Singapore Personalities,5
Trending Workouts,5
2020,5
Top trending personalities - Loss,5
Top trending political figures,5
Top trending travel searches,5
Top trending ‘near me’ searches,5
뉴스/사회,5
드라마/예능,5
코로나19,5
Educación,5
¿Por qué...?,5
"Cine, tv y series",5
Hur?,5
Nyheter & Händelser,5
Underhållning,5
Årets mest trendande sökningar 2020,5
Persönlichkeiten International,5
Selber machen,5
คำค้นหาประจำปี 2563,5
ข่าว,5
เรียน,5
ที่เที่ยว,5
ประเภทร้าน,5
ร้านอาหาร/ร้านขนม,5
ออนไลน์,5
Aramalar,5
İsimler,5
Kaybettiklerimiz,5
Nasıl,5
Tarif,5
"Питання: “Що таке?/Что такое?""",5
Covid-19 Related Queries,5
Public Figures & Celebrities,5
Top trending Cricket Matches,5
Top Trending Queries,5
Trending News & Events,5
Top questions,5
Delivery,5
When...?,5
Beauty how to's,5
Definitions,5
How to donate...,5
How to help...,5
How to make...,5
How to style...,5
Virtual,5
Where to buy...,5
... during coronavirus,5
Dónde...,5
Quién...,5
Xu Hướng Tìm Kiếm Nổi Bật Nhất,5
Trực Tuyến,5
Học Tập Trực Tuyến,5
Phim Bộ,5
Ở Đâu?,5
Gần Đây,5
Cách Làm,5
Như Thế Nào?,5
Là Gì?,5
